ray_id,affine,t,r,theta,phi,pt,pr,ptheta,pphi,C_null,Q,root_signed_residual
0,1.61616505086314390e2,1.68755407172779712e2,8.00710296058264674e1,1.59752508844401175e0,-3.10818035937653381e0,-9.87812006088408467e-1,9.77787206345215210e-1,-1.48241443017631536e1,-1.48294535477171046e1,-6.66133814775093924e-16,2.19912189735912165e2,-9.48006118051125668e-11
1,1.61932657871346578e2,1.69408304111505515e2,8.00008600453697767e1,1.57191296752678800e0,-3.13284620491070642e0,-9.87765549282773825e-1,9.82176400037102382e-1,-1.48273354634154746e1,-1.28503784719121175e1,3.90937282546133247e-14,2.19850082408015140e2,-2.65458766079973429e-11
2,1.62301735638613650e2,1.70113541166570911e2,8.00341695059118479e1,1.54288298799777635e0,-3.15303805106971113e0,-9.87725917887864902e-1,9.85966943032118848e-1,-1.48224144428416214e1,-1.08720560367778489e1,9.21970833012153435e-14,2.19795841502460036e2,-8.53788151289336383e-11
3,1.62714337803623039e2,1.70849077063616647e2,8.01644523923348657e1,1.51144614297264113e0,-3.16686171746602607e0,-9.87693318455857838e-1,9.89136596006389812e-1,-1.48145817623063092e1,-8.89438936183091400e0,1.59514762509971320e-13,2.19749914012240197e2,-4.84590145788388327e-11
4,1.63143664614953764e2,1.71570437384705031e2,8.03686606828530330e1,1.47975916838500576e0,-3.17244214650326750e0,-9.87667923672664316e-1,9.91670008176143258e-1,-1.48093493860331993e1,-6.91727252227314793e0,2.64168895092176115e-13,2.19712686602676484e2,-4.74074113299138844e-11
5,1.63540401806404759e2,1.72206292816192615e2,8.06017151360923947e1,1.45130842549897632e0,-3.16861947260423316e0,-9.87649869865236396e-1,9.93560915513338139e-1,-1.48100513666779232e1,-4.94059182702810418e0,4.05916619761192976e-13,2.19684478224870674e2,-9.66053903539432213e-11
6,1.63837137000008966e2,1.72665951011089959e2,8.07998963050655874e1,1.43050089421849935e0,-3.15592827571047296e0,-9.87639254993918470e-1,9.94812322589547549e-1,-1.48154365306920450e1,-2.96422730669330470e0,8.33056063367920707e-13,2.19665533869410666e2,-6.49151843390427530e-11
7,1.63968740486706650e2,1.72865332738603712e2,8.08997360795754901e1,1.42139410277445544e0,-3.13731501829294190e0,-9.87636137187004604e-1,9.95432686889584195e-1,-1.48203130965728302e1,-9.88054375607628321e-1,1.80214334124031983e-12,2.19656019675646149e2,-4.90416596221621148e-11
8,1.63902425619054156e2,1.72763167252710076e2,8.08669879929092303e1,1.42598213461747947e0,3.16543017443979302e0,-9.87640533860091874e-1,9.95428908187954264e-1,-1.48203430999152150e1,9.88054375607628432e-1,1.69825140278537234e-12,2.19656019569456532e2,-2.76543232757830992e-11
9,1.63655742239812554e2,1.72382103555526157e2,8.07149126609295990e1,1.44320017605381046e0,3.18062022891912077e0,-9.87652421446249540e-1,9.94800980800072288e-1,-1.48164300460028322e1,2.96422730669330470e0,8.28012788542387135e-13,2.19665533551845812e2,-1.45661260830820538e-11
10,1.63286333731059869e2,1.71796431208199920e2,8.04956791650946144e1,1.46948383178944608e0,3.18770904295288338e0,-9.87671735745170531e-1,9.93542820880946254e-1,-1.48133656379547620e1,4.94059182702810329e0,3.92564886847468486e-13,2.19684477698741574e2,-5.07469621879863553e-11
11,1.62863156369587500e2,1.71097595945142785e2,8.02734121830366263e1,1.50039281841088168e0,3.18538933165718641e0,-9.87698372881228526e-1,9.91648099960097840e-1,-1.48147382223574891e1,6.91727252227314704e0,2.61426297276656783e-13,2.19712685872637309e2,-3.80850906367413700e-12
12,1.62441998370629619e2,1.70363846524009659e2,8.01006575597192239e1,1.53209105040522986e0,3.17433864619987505e0,-9.87732190842586566e-1,9.89116040285729414e-1,-1.48199799497873261e1,8.89438936183091400e0,1.55030502324571273e-13,2.19749913084669714e2,-7.60138618716155179e-11
13,1.62056570991270348e2,1.69647669738835020e2,8.00094403994786774e1,1.56200785967996358e0,3.15625503249507444e0,-9.87773011557056324e-1,9.85953956704239465e-1,-1.48252061533288799e1,1.08720560367778507e1,7.89299181569447228e-14,2.19795840385333037e2,-4.84590145788388327e-11
14,1.61721384086080832e2,1.68977470038124466e2,8.00136324988167189e1,1.58879747736444865e0,3.13305140796970694e0,-9.87820623446059365e-1,9.82176845959278677e-1,-1.48255412611424457e1,1.28503784719121192e1,4.04537514597791414e-14,2.19850081110760755e2,-4.56310544905136339e-11
15,1.61438573736792250e2,1.68364756696039194e2,8.01152506464109138e1,1.61199558613724836e0,3.10641929890002544e0,-9.87874784386373439e-1,9.77805710044980292e-1,-1.48168514293882438e1,1.48294535477171063e1,-1.83186799063150829e-15,2.19912188269203199e2,-9.27968812902690843e-11
16,1.61950793822449612e2,1.69444436786094229e2,8.00000135650834068e1,1.57051673085971832e0,-3.13407541883851737e0,-9.87761304857341704e-1,9.82176669555699489e-1,-1.28503626498857475e1,-1.48273596694637568e1,2.74086309204335521e-14,1.65131837392697122e2,-6.39914787825546227e-11
17,1.62406593931466034e2,1.70305724560545286e2,8.00557794711335191e1,1.53959900857600784e0,-3.16342617046648655e0,-9.87714263789944980e-1,9.86602626805542116e-1,-1.28422662393753289e1,-1.28485265337097214e1,7.29659388465364600e-14,1.65084237123292667e2,-1.94972926692571491e-11
18,1.62972908607562204e2,1.71289442097077142e2,8.02701942055920483e1,1.50272915893104808e0,-3.18808828055630178e0,-9.87674130259282412e-1,9.90409047485224847e-1,-1.28255645034281009e1,-1.08704612778054486e1,1.36501920877662997e-13,1.65042659617855350e2,-8.71551719683338888e-11
19,1.63652633915249567e2,1.72384360756469789e2,8.06495938071857097e1,1.46044452977400341e0,-3.20503235189317914e0,-9.87641115138759851e-1,9.93569174609710948e-1,-1.28078396853380951e1,-8.89306521922843451e0,2.37912120559791163e-13,1.65007450114534663e2,-7.40101313567720354e-11
20,1.64416254227680554e2,1.73537695981261493e2,8.11699993707496930e1,1.41512567450095617e0,-3.21056477610595747e0,-9.87615394765758881e-1,9.96066168575358679e-1,-1.27987958934574770e1,-6.91623037517751182e0,3.34591729322930576e-13,1.64978907346774946e2,-5.38022959517547861e-11
21,1.65176935366777712e2,1.74629140971342622e2,8.17522459510232267e1,1.37192412810135012e0,-3.20135380081426213e0,-9.87597108375570021e-1,9.97900229966036001e-1,-1.28054617222220646e1,-4.93984077360050655e0,5.01847695344448397e-13,1.64957277793680845e2,-8.47819592308951542e-11
22,1.65782064320571550e2,1.75466065151838905e2,8.22519209463104346e1,1.33872953775579906e0,-3.17663167538819335e0,-9.87586356033909984e-1,9.99092561075273999e-1,-1.28246148330820890e1,-2.96377398181449525e0,8.68343374635371923e-13,1.64942750815611106e2,-5.19833065482089296e-11
23,1.66058619458044348e2,1.75839779322128408e2,8.25010413642184517e1,1.32383396667679665e0,-3.14069850491759395e0,-9.87583197127351875e-1,9.99676926547335531e-1,-1.28411217318300004e1,-9.87902815704894577e-1,1.90389446829558606e-12,1.64935454844297510e2,-4.81890083392499946e-11
24,1.65912705795029410e2,1.75639799543939176e2,8.24038508594518220e1,1.33159914708944682e0,3.18024949418126957e0,-9.87587649455924588e-1,9.99677263223537338e-1,-1.28412274890080607e1,9.87902815704894355e-1,1.99403465744527053e-12,1.64935454762873718e2,-1.77919901034329087e-11
25,1.65397773829236172e2,1.74930177150097080e2,8.20051007355905170e1,1.35959934951779915e0,3.20956212748657821e0,-9.87599688954905242e-1,9.99089437344164555e-1,-1.28278769753513728e1,2.96377398181449569e0,8.43225229224531247e-13,1.64942750572022106e2,-5.43423084309324622e-11
26,1.64673130061645281e2,1.73902343730061318e2,8.14530525177543012e1,1.40029762592959406e0,3.22426708670663231e0,-9.87619250054308173e-1,9.97886532561405581e-1,-1.28157733658854962e1,4.93984077360050566e0,4.99154537147994404e-13,1.64957277390138728e2,-5.36175548404571600e-11
27,1.63903078904665875e2,1.72760144933819362e2,8.09033892422420280e1,1.44537912946090041e0,3.22365792353391489e0,-9.87646226665606419e-1,9.96040180250522877e-1,-1.28149925133382663e1,6.91623037517750916e0,3.41359752964454088e-13,1.64978906786876706e2,-4.59863258583936840e-11
28,1.63194044830984808e2,1.71645043716465921e2,8.04580000100074955e1,1.48881388831938866e0,3.21044427817063749e0,-9.87680473766754163e-1,9.93536505685059024e-1,-1.28248143464215456e1,8.89306521922843451e0,2.21255305743461861e-13,1.65007449403205129e2,-5.08606490257079713e-11
29,1.62590892663271461e2,1.70627429673405544e2,8.01603904691895508e1,1.52745166112647768e0,3.18830056260434924e0,-9.87721809539521156e-1,9.90379045544117820e-1,-1.28382643893022816e1,1.08704612778054468e1,1.44623896192186407e-13,1.65042658761272975e2,-4.93827201353269629e-11
30,1.62099249944492158e2,1.69729140761270287e2,8.00164672841995497e1,1.56026677386947554e0,3.16048630956260590e0,-9.87770017998249150e-1,9.86584419104524879e-1,-1.28478002217988028e1,1.28485265337097214e1,7.30457361264313931e-14,1.65084236128729088e2,-2.55795384873636067e-13
31,1.61706801607122884e2,1.68947016058226467e2,8.00147172617855915e1,1.58741365364688169e0,3.12942821684001027e0,-9.87824852037089918e-1,9.82177168674035928e-1,-1.28480042621214015e1,1.48273596694637586e1,2.40293895892307319e-14,1.65131836268407397e2,-8.30766566650709137e-11
32,1.62352040049294942e2,1.70206834365775904e2,8.00399590752897581e1,1.54748012359085751e0,-3.16420197891056887e0,-9.87717340371458641e-1,9.85970198718031376e-1,-1.08665529217485251e1,-1.48255307568123627e1,5.58164625630297451e-14,1.18201316088520244e2,-6.10356210017926060e-11
33,1.63012833799349352e2,1.71356895915063490e2,8.02822465686894304e1,1.51106255365212405e0,-3.20098353263828361e0,-9.87669788699711004e-1,9.90412449321340427e-1,-1.08433200769565001e1,-1.28469086990264092e1,1.21232884842115141e-13,1.18166636464374363e2,-9.23421339393826202e-11
34,1.63900112889246259e2,1.72767387475511129e2,8.07935599437210925e1,1.46487185963979516e0,-3.23402191175675879e0,-9.87629216273476995e-1,9.94202672421509392e-1,-1.08076267380248137e1,-1.08690679278066789e1,2.07642930627471856e-13,1.18136340842179692e2,-5.23954213349497877e-11
35,1.65071166124886133e2,1.74483537799275894e2,8.16339753255485476e1,1.40783559174909989e0,-3.25900415269724508e0,-9.87595837771406915e-1,9.97300092928803839e-1,-1.07695167386561010e1,-8.89190817898080788e0,3.27215685103077192e-13,1.18110682429439905e2,-5.16706677444744855e-11
36,1.66541147528517172e2,1.76493250196323260e2,8.28256277480743393e1,1.34130457127922154e0,-3.26924240814078093e0,-9.87569832747281384e-1,9.99675607583873416e-1,-1.07470139359871126e1,-6.91531966127064646e0,4.78417652716167652e-13,1.18089880383114959e2,-9.89075488178059459e-11
37,1.68189362075585876e2,1.78625838889967355e2,8.42614202164344874e1,1.27195993353551762e0,-3.25627405299164829e0,-9.87551342998831294e-1,1.00133463679133228e0,-1.07605464584676067e1,-4.93918439646027974e0,6.53989449400649292e-13,1.18074115564162483e2,-5.34896571480203420e-11
38,1.69645807192386883e2,1.80438156256237164e2,8.55910801803251502e1,1.21425311465829577e0,-3.21399439748208282e0,-9.87540470447128449e-1,1.00234406916468188e0,-1.08114776002576409e1,-2.96337778401055552e0,9.55715324588157777e-13,1.18063526944381948e2,-5.68434188608080149e-11
39,1.70349112188142158e2,1.81293011949307896e2,8.62703451421470078e1,1.18716087770649015e0,-3.14727573468975930e0,-9.87537275587831664e-1,1.00282126515474479e0,-1.08604067158823270e1,-9.87770352026710263e-1,2.31043257984710204e-12,1.18058208791352740e2,-8.27213852971908636e-11
40,1.69950709840115792e2,1.80804174277466103e2,8.59503323910848991e1,1.20192079994313050e0,3.20686030751120033e0,-9.87541776560009410e-1,1.00285033190294226e0,-1.08608493771915349e1,9.87770352026710263e-1,2.38012186999300712e-12,1.18058208731982603e2,-4.79900563732371666e-11
41,1.68666315237659632e2,1.79213506030847753e2,8.48256393836247184e1,1.25196378356040960e0,3.25879446785419447e0,-9.87553948860490083e-1,1.00240368598152063e0,-1.08231770078934737e1,2.96337778401055552e0,9.50062294460818357e-13,1.18063526766788527e2,-5.64170932193519548e-11
42,1.67042818274054412e2,1.77138318258368315e2,8.34168002647699893e1,1.31913974955081015e0,3.28167264207822518e0,-9.87573725712524775e-1,1.00137663817651079e0,-1.07927401298705519e1,4.93918439646027974e0,6.51790253713979695e-13,1.18074115269961837e2,-4.89706053485861048e-11
43,1.65512917320164973e2,1.75085605989868469e2,8.21399602118732588e1,1.38710336980812787e0,3.27890684898177431e0,-9.87600999077957842e-1,9.99678077775865259e-1,-1.07912436047718714e1,6.91531966127064646e0,4.63544133633142508e-13,1.18089879974947877e2,-7.10542735760100186e-14
44,1.64256283149007288e2,1.73289274964492080e2,8.11696099217892737e1,1.44709557576052572e0,3.25868532629170904e0,-9.87635621283019849e-1,9.97271012272446966e-1,-1.08117398839120931e1,8.89190817898080788e0,3.16639076070046599e-13,1.18110681910928307e2,-5.35180788574507460e-11
45,1.63288015061414058e2,1.71795999849529238e2,8.05218696227812956e1,1.49649282613839074e0,3.22833560250337248e0,-9.87677407210223568e-1,9.94161480478195192e-1,-1.08389867497056400e1,1.08690679278066824e1,2.04933292557996083e-13,1.18136340217852492e2,-9.94333504422684200e-11
46,1.62560625663205883e2,1.70573572983802734e2,8.01521370005763742e1,1.53580527220443330e0,3.19287686810587834e0,-9.87726136993486992e-1,9.90376917599394280e-1,-1.08611613609409385e1,1.28469086990264127e1,1.20348175869366969e-13,1.18166635739571902e2,-2.61763943854020908e-11
47,1.62016968420541218e2,1.69570529554271644e2,8.00060093500216851e1,1.56663879047372978e0,3.15534681489909730e0,-9.87781559141194365e-1,9.85952412270734158e-1,-1.08718683809670758e1,1.48255307568123644e1,6.10692052482875170e-14,1.18201315269297339e2,-3.00985902867978439e-11
48,1.62817878829235895e2,1.71029026728690496e2,8.01901872507366420e1,1.53055972858706735e0,-3.19801878703769349e0,-9.87680339869275503e-1,9.89145228472911642e-1,-8.87436632017226756e0,-1.48239819823937218e1,9.93857773856632321e-14,7.91099660882492373e1,-5.80229198021697812e-11
49,1.63771773906885642e2,1.72571540906329034e2,8.07010902906966834e1,1.48949875967012368e0,-3.24585117833781966e0,-9.87632355601601231e-1,9.93578083615260788e-1,-8.83138244942143480e0,-1.28455384924188412e1,1.77993036976076269e-13,7.90864091365761936e1,-8.75104433362139389e-11
50,1.65180391312328879e2,1.74639512023714360e2,8.16977866479128920e1,1.43350680689573307e0,-3.29343931350581309e0,-9.87591411286473875e-1,9.97304047349521494e-1,-8.76458353847967686e0,-1.08678877118533279e1,2.89809842790589300e-13,7.90658278633210756e1,-5.68718405702384189e-11
51,1.67292632878638301e2,1.77482240075213582e2,8.34266681659703977e1,1.35761837062085999e0,-3.33627027568962031e0,-9.87557724847366702e-1,1.00024019144141674e0,-8.68101681329171804e0,-8.89092803162673917e0,4.53566004199323913e-13,7.90483952287522840e1,-2.82653900285367854e-11
52,1.70427888228330573e2,1.81400184085767080e2,8.62095439600210938e1,1.25813128289198706e0,-3.36462615047705693e0,-9.87531478581446409e-1,1.00229567638735628e0,-8.60645745257296646e0,-6.91454812110100825e0,6.34850678971066174e-13,7.90342609670255598e1,-8.23945356387412176e-11
53,1.74743488998814257e2,1.86486554761966119e2,9.02214228574611639e1,1.13912770247642636e0,-3.36002077272187183e0,-9.87512816472505661e-1,1.00343242755558970e0,-8.59707205435354460e0,-4.93862829315071661e0,8.54317051129926952e-13,7.90235486698251464e1,-4.27178292738972232e-11
54,1.79448795058758549e2,1.91810548897380841e2,9.47200849737864843e1,1.02510821774824268e0,-3.29618350323856335e0,-9.87501842024734344e-1,1.00381929868715747e0,-8.71057231604963356e0,-2.96304209960321341e0,1.12818478517628940e-12,7.90163533172345893e1,-5.45128386875148863e-11
55,1.82030414398982060e2,1.94665340839728430e2,9.72640349955010066e1,9.66159222164592379e-1,-3.16475548158334252e0,-9.87498616680304697e-1,1.00392202965071919e0,-8.86907330450400799e0,-9.87658118016457642e-1,2.59274855274674310e-12,7.90127393428488460e1,-3.61950469596195035e-11
56,1.80390854574783759e2,1.92844624374816561e2,9.57787057152850849e1,1.00012655903359660e0,3.26400252042180083e0,-9.87503158867770181e-1,1.00411733967109007e0,-8.87204807418221897e0,9.87658118016457642e-1,2.86272457020002313e-12,7.90127393025090896e1,-3.36797256750287488e-11
57,1.75995568960473463e2,1.87898803581981042e2,9.16570564661465141e1,1.10351479903809424e0,3.35363623747639883e0,-9.87515443710012542e-1,1.00421212345529542e0,-8.76655863405872360e0,2.96304209960321385e0,1.07669819240929776e-12,7.90163531965251735e1,-3.58966190106002614e-11
58,1.71524073013542818e2,1.82692945643315653e2,8.74949472484974393e1,1.22379782033776641e0,3.37765539803100490e0,-9.87535403400782275e-1,1.00374093297213940e0,-8.71059692132274321e0,4.93862829315071572e0,8.26844235440882258e-13,7.90235484698669666e1,-1.67403868545079604e-11
59,1.68114291008695147e2,1.78511996191855076e2,8.43990670672572065e1,1.32918733443287596e0,3.36016261741061584e0,-9.87562928238725268e-1,1.00243678945219949e0,-8.72645856886261839e0,6.91454812110100736e0,6.29703754417842987e-13,7.90342606896278994e1,-7.54738493924378417e-11
60,1.65763647999080945e2,1.75427823012813320e2,8.23699424543852956e1,1.41140980388694981e0,3.32255756748478737e0,-9.87597868288183300e-1,1.00026080062823075e0,-8.77579498095369281e0,8.89092803162674095e0,4.45666073489725534e-13,7.90483948763880448e1,-1.27329258248209953e-11
61,1.64180947472453255e2,1.73175766096656673e2,8.11277854618591618e1,1.47272491628392155e0,3.27710100490401057e0,-9.87640035617934786e-1,9.97268411201119864e-1,-8.82756356770964601e0,1.08678877118533297e1,2.83901374631412295e-13,7.90658274390851261e1,-4.88853402202948928e-12
62,1.63106471561407744e2,1.71500059361728233e2,8.04226746305322564e1,1.51789049154090683e0,3.22982107035956201e0,-9.87689207053278118e-1,9.93530669677505918e-1,-8.86705509113931889e0,1.28455384924188412e1,1.76240966265339694e-13,7.90864086441187482e1,-9.89075488178059459e-12
63,1.62362042852943176e2,1.70217780167577217e2,8.00830510295518962e1,1.55125782766250553e0,3.18341421778204614e0,-9.87745127364135556e-1,9.89110763218551403e-1,-8.88966747769546295e0,1.48239819823937218e1,9.86849491013686020e-14,7.91099655317059955e1,-5.58202373213134706e-11
64,1.63328083214827018e2,1.71873675009019507e2,8.04338815122241186e1,1.52215540884315415e0,-3.23375797636494600e0,-9.87650497995372634e-1,9.91685360043239816e-1,-6.87958716169445683e0,-1.48227264752064460e1,1.37646838371807689e-13,4.78485384153601956e1,-5.41007239007740282e-11
65,1.64677484279731601e2,1.73923480506947982e2,8.13094457188201005e1,1.47921188947918436e0,-3.29660636980543398e0,-9.87602162909825720e-1,9.96079761132658614e-1,-6.81509229644315084e0,-1.28444276203901708e1,2.32192737259495630e-13,4.78341195013502585e1,-2.22826201934367418e-11
66,1.66906238172932831e2,1.76980395168375338e2,8.30743288647680487e1,1.41576966492918155e0,-3.36720828665489380e0,-9.87560916976670589e-1,9.99674362768617986e-1,-6.70415536597168593e0,-1.08669307815750287e1,3.72049613339697771e-13,4.78215208454241747e1,-4.67395011582993902e-11
67,1.70867306171747316e2,1.81935345634360260e2,8.65596928617906656e1,1.31965214643964224e0,-3.44565631954916229e0,-9.87526980764852347e-1,1.00226819120633692e0,-6.52918059235399983e0,-8.89013325577978897e0,5.62778990076395758e-13,4.78108487906914661e1,-1.97388771994155832e-11
68,1.78546625182957314e2,1.90814232895333362e2,9.37150217936754331e1,1.17252722320915281e0,-3.52839981674670211e0,-9.87500538808658179e-1,1.00349716653300280e0,-6.27633230907813644e0,-6.91392245921208115e0,7.89647860988118566e-13,4.78021954163216591e1,-2.82511791738215834e-11
69,1.94700925445037967e2,2.08365272800952738e2,1.09243188817546624e2,9.55294436210690434e-1,-3.59969169012396373e0,-9.87481736874837313e-1,1.00281956875630218e0,-5.97651348244263314e0,-4.93817731270153271e0,9.84762618672085921e-13,4.77956367362822547e1,-4.53326265414943919e-11
70,2.27265645183884374e2,2.42267981455159827e2,1.41064688387366317e2,6.82602417906193137e-1,-3.59487790888726488e0,-9.87470679758963965e-1,1.00022393075689209e0,-5.89247345218093699e0,-2.96276986236055695e0,1.31853642587609343e-12,4.77912311739253184e1,-1.56887836055830121e-11
72,2.33650394405262546e2,2.48777238085583775e2,1.47681249124449778e2,6.06062317284077334e-1,3.45605179278230334e0,-9.87472005289011800e-1,9.99887104524155967e-1,-6.78201907282090577e0,9.87567095687848062e-1,3.45825877158013884e-12,4.77890183416535379e1,-5.59907675778958946e-11
73,1.99582406135417529e2,2.13482027217730234e2,1.14487045034637347e2,8.81770777516759696e-1,3.58033646297542418e0,-9.87484381417715551e-1,1.00283759076157031e0,-6.47899895258006264e0,2.96276986236055739e0,1.20173294058945057e-12,4.77912311000022356e1,-6.96616098139202222e-11
74,1.81366451321279328e2,1.93908991466766906e2,9.68857429607583640e1,1.11829420996439866e0,3.54912819682592273e0,-9.87504489415619524e-1,1.00439178632204196e0,-6.48841526679931313e0,4.93817731270153359e0,9.71937808014189386e-13,4.77956366138356401e1,-6.49862386126187630e-11
75,1.72476821156515484e2,1.83816505706118903e2,8.84413854035259277e1,1.28207783936005892e0,3.47908294142700569e0,-9.87532218224904890e-1,1.00413738335880587e0,-6.60405625454348488e0,6.91392245921208026e0,7.90776298609241479e-13,4.78021952464600375e1,-5.31343857801402919e-11
76,1.67863095350014504e2,1.78189711274647038e2,8.42061786623910535e1,1.38995912991606496e0,3.40398051864128393e0,-9.87567416065344261e-1,1.00245173637536711e0,-6.72162207641126841e0,8.89013325577979074e0,5.69454206011954511e-13,4.78108485749382695e1,-9.97886218101484701e-11
77,1.65274058782764882e2,1.74749727201399566e2,8.19840412835058459e1,1.46126383865781206e0,3.33342624966699397e0,-9.87609892711448834e-1,9.99678519412874445e-1,-6.81157368661581675e0,1.08669307815750287e1,3.75210279512927514e-13,4.78215205856830892e1,-5.23954213349497877e-11
78,1.63716288929116729e2,1.72469698065025113e2,8.08089152259024672e1,1.50943064149500716e0,3.26951260932869614e0,-9.87659422291239486e-1,9.96031120723764873e-1,-6.87114302616785544e0,1.28444276203901708e1,2.38479375136435578e-13,4.78341191998659312e1,-6.36930508335353807e-11
79,1.62722838124916990e2,1.70855183204208146e2,8.02276580806642841e1,1.54284385352933651e0,3.21197561276204535e0,-9.87715746527642935e-1,9.91638021029554118e-1,-6.90485713544678781e0,1.48227264752064478e1,1.38590527942739072e-13,4.78485380746746998e1,-5.70281599721056409e-11
80,1.63834139040474156e2,1.72668798069255985e2,8.07283164157586128e1,1.52423010138691017e0,-3.26796071083844142e0,-9.87627974023746580e-1,9.93582797917180183e-1,-4.89214560681027510e0,-1.48217750678558478e1,1.70821690126388148e-13,2.44093851664763335e1,-3.22586402035085484e-11
81,1.65661338675143668e2,1.75310742067387253e2,8.20466560815137029e1,1.48475783983252008e0,-3.34860696391695001e0,-9.87579373011841399e-1,9.97913419828099779e-1,-4.81428965848257651e0,-1.28435857442983661e1,2.90621693377346446e-13,2.44019632033485152e1,-5.34186028744443320e-11
82,1.69068820050711565e2,1.79738813287500136e2,8.49218068799521575e1,1.42160312665325450e0,-3.45071247543924509e0,-9.87537898428182070e-1,1.00130099257120264e0,-4.66214163419425454e0,-1.08662055169361818e1,4.50878917535035839e-13,2.43954777614175278e1,-2.35473862630897202e-11
83,1.76585193760099997e2,1.88605348007838273e2,9.18078937086304592e1,1.31383802355532375e0,-3.59044312290058798e0,-9.87503772855393591e-1,1.00325622682494031e0,-4.35388734846808401e0,-8.88953085166163248e0,6.58615523230210442e-13,2.43899837648346924e1,-1.71382907865336165e-11
84,1.99634457708351988e2,2.13598633505755402e2,1.13883354999274999e2,1.11734399665283335e0,-3.81542645724504492e0,-9.87477182530892117e-1,1.00229870887652517e0,-3.61971202206740905e0,-6.91344821192507997e0,8.65176853770410759e-13,2.43855287771177771e1,-6.26698692940408364e-12
90,2.09128087080637897e2,2.23457097524679682e2,1.23975459166528466e2,1.03577900202493733e0,3.86417470199375046e0,-9.87481152658643446e-1,1.00204979135361993e0,-3.98857994153294859e0,4.93783545968519277e0,1.07540235397274309e-12,2.43821520046055618e1,-4.38689085058285855e-11
91,1.79831849428113458e2,1.92200690037171398e2,9.54867883884969757e1,1.26945689966039676e0,3.64212277705657117e0,-9.87509036104122218e-1,1.00458892055412607e0,-4.44965291164171806e0,6.91344821192507819e0,8.75167993630299179e-13,2.43855286896562333e1,-5.80655523663153872e-11
92,1.70592004713767153e2,1.81566513054536074e2,8.67184357363926210e1,1.39506581891938475e0,3.49863849213815170e0,-9.87544429373877541e-1,1.00383008891930903e0,-4.68072974559613453e0,8.88953085166163426e0,6.70368274779953310e-13,2.43899836537484234e1,-9.65627577897976153e-11
93,1.66493175813031542e2,1.76407198504851181e2,8.30191006493538310e1,1.46788697438958038e0,3.39231451662807970e0,-9.87587140495918780e-1,1.00139609499251758e0,-4.81039017118782120e0,1.08662055169361818e1,4.61342769542127940e-13,2.43954776276904539e1,-5.56070745005854405e-11
94,1.64332983674876459e2,1.73399518056912683e2,8.12554026359287889e1,1.51297530381819234e0,3.30809102619852702e0,-9.87636941545277036e-1,9.97877503803307198e-1,-4.88368774355961666e0,1.28435857442983661e1,2.93085000713233512e-13,2.44019630481402565e1,-4.93542984258965589e-11
95,1.63064340536052555e2,1.71429827174531880e2,8.04058314652485393e1,1.54243810629832878e0,3.23832370463563368e0,-9.87693571926126390e-1,9.93527922684548481e-1,-4.92269279775656443e0,1.48217750678558478e1,1.75082170983387186e-13,2.44093849910999054e1,-8.46540615384583361e-11
96,1.64256111390058379e2,1.73306633887550106e2,8.10016034862925096e1,1.53714197733803393e0,-3.29558083244176503e0,-9.87612889535121830e-1,9.94839407565341283e-1,-2.92199131979866511e0,-1.48211360826925933e1,2.02608763100187161e-13,8.78662084556235889e0,-1.99804617295740172e-11
97,1.66554293587116206e2,1.76517815493809138e2,8.27581450074686700e1,1.50862033357478253e0,-3.39318078305598636e0,-9.87564109882259178e-1,9.99098326375696510e-1,-2.85411903029811720e0,-1.28430202881249436e1,3.34472033403088176e-13,8.78393308688838914e0,-3.28981286656926386e-11
98,1.71344581566560691e2,1.82512656628544136e2,8.69420754928264188e1,1.45986567247960286e0,-3.52918559283548339e0,-9.87522481689432352e-1,1.00223810776452105e0,-2.70574146650249592e0,-1.08657183583744708e1,5.07628661328141106e-13,8.78158437049328633e0,-9.15179043659009039e-12
99,1.84771282820583622e2,1.97701930354206411e2,9.95185359609438791e1,1.36775245021071745e0,-3.74972687071494803e0,-9.87488228896033160e-1,1.00323459031424833e0,-2.33336598949726870e0,-8.88912620008506771e0,7.19297885143355131e-13,8.77959463136746976e0,-2.22115659198607318e-11
107,1.91023450314293541e2,2.04376340818858722e2,1.06378982480081874e2,1.32783513099929218e0,3.82603544907800330e0,-9.87493509451349505e-1,1.00385730171408971e0,-2.42122195716345301e0,6.91312963530461122e0,9.11689994331776887e-13,8.77798110280486554e0,-3.20170556733501144e-11
108,1.73569699121761147e2,1.85089843255199099e2,8.95347145163360238e1,1.43880430518884617e0,3.58956283131815157e0,-9.87529034013573614e-1,1.00449359123144566e0,-2.71899047917464154e0,8.88912620008506948e0,7.43441766482000332e-13,8.77959459113214180e0,-4.69810856884578243e-11
109,1.67626511450490455e2,1.77884275011359762e2,8.40252355002780291e1,1.49620560427488480e0,3.44365377707634845e0,-9.87571902653273215e-1,1.00246574915287878e0,-2.85029985587423385e0,1.08657183583744743e1,5.18182718955984001e-13,8.78158432205904482e0,-7.28164195606950670e-11
110,1.64855880704647490e2,1.74157574268900078e2,8.16633106926805112e1,1.52925623840579905e0,3.33964603198486021e0,-9.87621886062284848e-1,9.99084971594260685e-1,-2.91540535769945297e0,1.28430202881249453e1,3.34274274926826820e-13,8.78393303067617381e0,-9.13757958187488839e-12
111,1.63337524869669664e2,1.71873272808664893e2,8.05694904480710079e1,1.54984586299553628e0,3.25894512046441642e0,-9.87678722082735994e-1,9.94781963811897318e-1,-2.94793663831035646e0,1.48211360826925951e1,2.01831606982949552e-13,8.78662078204904518e0,-6.21582785242935643e-11
112,1.64500253820978571e2,1.73666993539229622e2,8.11685421055896086e1,1.55850260378349548e0,-3.31120032605364800e0,-9.87605326613454682e-1,9.95463783897906240e-1,-9.71133722180962944e-1,-1.48208151642979988e1,2.18103313187612002e-13,9.76248917728333776e-1,-4.91837681693141349e-11
113,1.67103989538099768e2,1.77241879115474092e2,8.32101103769631010e1,1.54800445635720751e0,-3.41944623191159325e0,-9.87556457229607387e-1,9.99673589751728819e-1,-9.43622239125177287e-1,-1.28427362878492399e1,3.56915885735276106e-13,9.75949391751197437e-1,-1.26192389870993793e-11
114,1.72921895901738196e2,1.84382482916980905e2,8.83699115789284662e1,1.52936670398078167e0,-3.57855321441199115e0,-9.87514751876499064e-1,1.00263061000765208e0,-8.79443303315669000e-1,-1.08654736752295609e1,5.38223979273944053e-13,9.75687643012961958e-1,-5.60760327061871067e-11
115,1.92425919899626933e2,2.05960821122498487e2,1.06826312984753912e2,1.49209483710069146e0,-3.86252206181845548e0,-9.87480435176247728e-1,1.00275835785640299e0,-6.97285808501479698e-1,-8.88892295189481629e0,7.23528008339524575e-13,9.75465895599830102e-1,-2.99422708849306218e-11
123,2.02083234127271538e2,2.16081456665573086e2,1.17214834562341665e2,1.47539002839527100e0,3.95693869984938118e0,-9.87485724419342570e-1,1.00281006307527165e0,-7.35407564333272701e-1,6.91296961730357395e0,9.08753541167817147e-13,9.75286072269388349e-1,-7.97655275164288469e-11
124,1.75691831453003971e2,1.87533742983828432e2,9.15676007872636291e1,1.52118596918218585e0,3.64751280937201106e0,-9.87521314932291783e-1,1.00469422230383842e0,-8.84049782154077923e-1,8.88892295189481629e0,7.62128207765222498e-13,9.75465891115609440e-1,-5.90034687775187194e-11
125,1.68336286974134680e2,1.78785755897014297e2,8.46695804352891912e1,1.54338768542594984e0,3.47424159625639462e0,-9.87564262694029971e-1,1.00296669336474942e0,-9.41922165758980245e-1,1.08654736752295591e1,5.48516093656914450e-13,9.75687637615019532e-1,-4.29452029493404552e-11
126,1.65161912328603051e2,1.74590691792566105e2,8.19113042736610311e1,1.55564981857789131e0,3.35764186062596393e0,-9.87614337700389533e-1,9.99678724833247712e-1,-9.68599557115356391e-1,1.28427362878492382e1,3.55319940137377444e-13,9.75949385486576171e-1,-3.55413476427202113e-11
127,1.63491044610735656e2,1.72117034838329090e2,8.06680377987580499e1,1.56308720150200209e0,3.27036167949336187e0,-9.87671277007556747e-1,9.95406306443688105e-1,-9.81435142858940179e-1,1.48208151642979953e1,2.19851914451396624e-13,9.76248910650174939e-1,-8.18403123048483394e-11
128,1.64500253821032857e2,1.73666993539284704e2,8.11685421056424019e1,1.58309004980630741e0,-3.31120032605376435e0,-9.87605326613454682e-1,9.95463783897912124e-1,9.71133722180955616e-1,-1.48208151642979988e1,2.18360052262056570e-13,9.76248917728371524e-1,-9.96038806988508441e-11
129,1.67103989538132367e2,1.77241879115506919e2,8.32101103769947059e1,1.59358819723258938e0,-3.41944623191165498e0,-9.87556457229607387e-1,9.99673589751728153e-1,9.43622239125154527e-1,-1.28427362878492399e1,3.55625251469149362e-13,9.75949391751181894e-1,-4.15951717513962649e-11
130,1.72921895901718074e2,1.84382482916960640e2,8.83699115789086136e1,1.61222594960900989e0,-3.57855321441196894e0,-9.87514751876499064e-1,1.00263061000765186e0,8.79443303315660563e-1,-1.08654736752295609e1,5.34175134681014185e-13,9.75687643012930761e-1,-3.89519527743686922e-11
131,1.92425919899593339e2,2.05960821122464921e2,1.06826312984720943e2,1.64949781648909988e0,-3.86252206181843327e0,-9.87480435176247728e-1,1.00275835785640699e0,6.97285808501508453e-1,-8.88892295189481629e0,7.23851534267794250e-13,9.75465895599846422e-1,-6.82121026329696178e-12
139,2.02083234127229389e2,2.16081456665530709e2,1.17214834562300197e2,1.66620262519451789e0,3.95693869984935631e0,-9.87485724419342570e-1,1.00281006307527898e0,7.35407564333291131e-1,6.91296961730357395e0,9.13822836845490372e-13,9.75286072269375692e-1,-5.35891331310267560e-11
140,1.75691831452953124e2,1.87533742983777188e2,9.15676007872138342e1,1.62040668440759683e0,3.64751280937195732e0,-9.87521314932291783e-1,1.00469422230384797e0,8.84049782154105568e-1,8.88892295189481629e0,7.67082578012612259e-13,9.75465891115575578e-1,-1.79340986505849287e-11
141,1.68336286974197947e2,1.78785755897078246e2,8.46695804353510795e1,1.59820496816384994e0,3.47424159625649009e0,-9.87564262694029971e-1,1.00296669336474253e0,9.41922165758960150e-1,1.08654736752295591e1,5.45737066648399605e-13,9.75687637615023862e-1,-9.87654402706539258e-11
142,1.65161912328578154e2,1.74590691792540838e2,8.19113042736366452e1,1.58594283501189848e0,3.35764186062591463e0,-9.87614337700389533e-1,9.99678724833247712e-1,9.68599557115345733e-1,1.28427362878492382e1,3.55732804324659924e-13,9.75949385486538312e-1,-1.25766064229537733e-11
143,1.63491044610663209e2,1.72117034838255279e2,8.06680377986873083e1,1.57850545208778104e0,3.27036167949319445e0,-9.87671277007556747e-1,9.95406306443679334e-1,9.81435142858963827e-1,1.48208151642979953e1,2.18790263684098818e-13,9.76248910650187152e-1,-1.34150468511506915e-11
144,1.64256111390081003e2,1.73306633887573184e2,8.10016034863146785e1,1.60445067625176985e0,-3.29558083244181210e0,-9.87612889535121830e-1,9.94839407565344835e-1,2.92199131979861093e0,-1.48211360826925933e1,2.03975725199256885e-13,8.78662084556219902e0,-4.12683220929466188e-11
145,1.66554293587117002e2,1.76517815493809849e2,8.27581450074693663e1,1.63297232001501369e0,-3.39318078305598592e0,-9.87564109882259178e-1,9.99098326375696399e-1,2.85411903029810876e0,-1.28430202881249436e1,3.33937738572487319e-13,8.78393308688840335e0,-3.35660388373071328e-11
146,1.71344581566598976e2,1.82512656628582619e2,8.69420754928635802e1,1.68172698111020469e0,-3.52918559283553845e0,-9.87522481689432352e-1,1.00223810776451661e0,2.70574146650245329e0,-1.08657183583744708e1,5.04207786633514843e-13,8.78158437049343554e0,-4.14104306400986388e-11
147,1.84771282820632791e2,1.97701930354256064e2,9.95185359609919971e1,1.77384020337908566e0,-3.74972687071499822e0,-9.87488228896033160e-1,1.00323459031423878e0,2.33336598949717500e0,-8.88912620008506771e0,7.11507242012743291e-13,8.77959463136736495e0,-5.79234438191633672e-11
155,1.91023450314362321e2,2.04376340818927872e2,1.06378982480149531e2,1.81375752259051803e0,3.82603544907804505e0,-9.87493509451349505e-1,1.00385730171408039e0,2.42122195716336508e0,6.91312963530461122e0,9.10868602765901869e-13,8.77798110280486554e0,-7.98365817900048569e-11
156,1.73569699121714962e2,1.85089843255152516e2,8.95347145162906060e1,1.70278834840093052e0,3.58956283131810006e0,-9.87529034013573614e-1,1.00449359123145210e0,2.71899047917470771e0,8.88912620008506948e0,7.44253617068757478e-13,8.77959459113214891e0,-8.54072368383640423e-12
157,1.67626511450463966e2,1.77884275011332761e2,8.40252355002519664e1,1.64538704931489765e0,3.44365377707631160e0,-9.87571902653273215e-1,1.00246574915288122e0,2.85029985587427648e0,1.08657183583744743e1,5.19365800366600183e-13,8.78158432205909811e0,-4.89563944938709028e-11
158,1.64855880704715048e2,1.74157574268968290e2,8.16633106927461512e1,1.61233641518402293e0,3.33964603198499077e0,-9.87621886062284848e-1,9.99084971594261240e-1,2.91540535769937526e0,1.28430202881249453e1,3.33174460243057524e-13,8.78393303067611519e0,-7.12532255420228466e-11
159,1.63337524869642380e2,1.71873272808637211e2,8.05694904480445189e1,1.59174679059424595e0,3.25894512046435780e0,-9.87678722082735994e-1,9.94781963811894765e-1,2.94793663831039510e0,1.48211360826925951e1,2.03830008427274834e-13,8.78662078204917307e0,-3.64366314897779375e-11
160,1.63834139040545978e2,1.72668798069328943e2,8.07283164158283881e1,1.61736255220293468e0,-3.26796071083861328e0,-9.87627974023746580e-1,9.93582797917191729e-1,4.89214560681017741e0,-1.48217750678558478e1,1.71689051864376552e-13,2.44093851664764365e1,-9.94617721516988240e-11
161,1.65661338675139461e2,1.75310742067382762e2,8.20466560815096386e1,1.65683481375727015e0,-3.34860696391693491e0,-9.87579373011841399e-1,9.97913419828100667e-1,4.81428965848260670e0,-1.28435857442983696e1,2.92887242236972156e-13,2.44019632033487213e1,-4.97237806484918110e-11
162,1.69068820050752691e2,1.79738813287541547e2,8.49218068799922463e1,1.71998952693656615e0,-3.45071247543931081e0,-9.87537898428182070e-1,1.00130099257120153e0,4.66214163419413463e0,-1.08662055169361818e1,4.52554660412829435e-13,2.43954777614174034e1,-5.93018967265379615e-11
163,1.76585193760141550e2,1.88605348007879968e2,9.18078937086713154e1,1.82775463003448913e0,-3.59044312290063328e0,-9.87503772855393591e-1,1.00325622682493676e0,4.35388734846795078e0,-8.88953085166163248e0,6.60114324313454404e-13,2.43899837648344011e1,-5.05906427861191332e-11
164,1.99634457708410707e2,2.13598633505814206e2,1.13883354999332354e2,2.02424865693697642e0,-3.81542645724509288e0,-9.87477182530892117e-1,1.00229870887651495e0,3.61971202206722786e0,-6.91344821192507997e0,8.57327230041615707e-13,2.43855287771174183e1,-4.28741486757644452e-11
170,2.09128087080575483e2,2.23457097524617012e2,1.23975459166467715e2,2.10581365156484068e0,3.86417470199371849e0,-9.87481152658643446e-1,1.00204979135363326e0,3.98857994153308582e0,4.93783545968519277e0,1.08921248756499445e-12,2.43821520046060627e1,-7.64543983677867800e-12
171,1.79831849428160126e2,1.92200690037218521e2,9.54867883885429336e1,1.87213575392942011e0,3.64212277705660847e0,-9.87509036104122218e-1,1.00458892055411919e0,4.44965291164164345e0,6.91344821192507819e0,8.74758598889968653e-13,2.43855286896563364e1,-9.43600753089413047e-11
172,1.70592004713687516e2,1.81566513054455612e2,8.67184357363145182e1,1.74652683467035863e0,3.49863849213805267e0,-9.87544429373877541e-1,1.00383008891931791e0,4.68072974559627220e0,8.88953085166163426e0,6.70848793182798886e-13,2.43899836537482742e1,-2.81659140455303714e-11
173,1.66493175812984873e2,1.76407198504803858e2,8.30191006493079584e1,1.67370567920017899e0,3.39231451662800065e0,-9.87587140495918780e-1,1.00139609499251914e0,4.81039017118788870e0,1.08662055169361818e1,4.60544796743178608e-13,2.43954776276902727e1,-1.33155708681442775e-11
174,1.64332983674904881e2,1.73399518056941560e2,8.12554026359562727e1,1.62861734977162209e0,3.30809102619858564e0,-9.87636941545277036e-1,9.97877503803306865e-1,4.88368774355952429e0,1.28435857442983696e1,2.90031887395514332e-13,2.44019630481397591e1,-7.55449036660138518e-11
175,1.63064340536024957e2,1.71429827174503657e2,8.04058314652216239e1,1.59915454729144257e0,3.23832370463556618e0,-9.87693571926126390e-1,9.93527922684543152e-1,4.92269279775658042e0,1.48217750678558478e1,1.73389080870833823e-13,2.44093849910997918e1,-5.84634562983410433e-11
176,1.63328083214776512e2,1.71873675008968263e2,8.04338815121752049e1,1.61943724474658413e0,-3.23375797636483187e0,-9.87650497995372634e-1,9.91685360043229158e-1,6.87958716169453677e0,-1.48227264752064460e1,1.36800293315531007e-13,4.78485384153601103e1,-6.49436060484731570e-12
177,1.64677484279814280e2,1.73923480507031456e2,8.13094457189006050e1,1.66238076411069513e0,-3.29660636980559429e0,-9.87602162909825720e-1,9.96079761132667829e-1,6.81509229644300163e0,-1.28444276203901744e1,2.35821778771239110e-13,4.78341195013508482e1,-9.88507053989451379e-11
178,1.66906238172952072e2,1.76980395168394779e2,8.30743288647869633e1,1.72582298866062978e0,-3.36720828665493066e0,-9.87560916976670589e-1,9.99674362768620539e-1,6.70415536597165751e0,-1.08669307815750287e1,3.77260722661532100e-13,4.78215208454244731e1,-6.40483222014154308e-11
179,1.70867306171781394e2,1.81935345634394338e2,8.65596928618239048e1,1.82194050715018019e0,-3.44565631954920448e0,-9.87526980764852347e-1,1.00226819120633537e0,6.52918059235389769e0,-8.89013325577978897e0,5.65214541836667195e-13,4.78108487906913879e1,-4.88142859467188828e-11
180,1.78546625182953136e2,1.90814232895329269e2,9.37150217936714256e1,1.96906543038063986e0,-3.52839981674669856e0,-9.87500538808658179e-1,1.00349716653300525e0,6.27633230907814621e0,-6.91392245921208115e0,7.93473793614385414e-13,4.78021954163217515e1,-2.49684717346099205e-11
181,1.94700925445033874e2,2.08365272800948532e2,1.09243188817542318e2,2.18629821737909902e0,-3.59969169012396506e0,-9.87481736874837313e-1,1.00281956875630063e0,5.97651348244262248e0,-4.93817731270153271e0,9.80881608575456809e-13,4.77956367362819279e1,-4.23625579060171731e-11
182,2.27265645183913392e2,2.42267981455189556e2,1.41064688387393772e2,2.45899023568361708e0,-3.59487790888729819e0,-9.87470679758963965e-1,1.00022393075688254e0,5.89247345218079399e0,-2.96276986236055695e0,1.30417638494195742e-12,4.77912311739245510e1,-2.82796008832519874e-11
184,2.33650394405286647e2,2.48777238085609696e2,1.47681249124449295e2,2.53553033630594005e0,3.45605179278262842e0,-9.87472005289011800e-1,9.99887104523997094e-1,6.78201907281983818e0,9.87567095687848062e-1,3.14395013386974120e-12,4.77890183416409258e1,-2.13873363463790156e-11
185,1.99582406135388339e2,2.13482027217701102e2,1.14487045034608272e2,2.25982187607302176e0,3.58033646297542019e0,-9.87484381417715551e-1,1.00283759076157164e0,6.47899895258006975e0,2.96276986236055739e0,1.19758977040751446e-12,4.77912311000020438e1,-5.02495822729542851e-11
186,1.81366451321290867e2,1.93908991466778389e2,9.68857429607695479e1,2.02329844362540223e0,3.54912819682593605e0,-9.87504489415619524e-1,1.00439178632204018e0,6.48841526679927316e0,4.93817731270153359e0,9.71236979729894756e-13,4.77956366138353417e1,-7.34559080228791572e-11
187,1.72476821156548056e2,1.83816505706151872e2,8.84413854035579305e1,1.85951481422976173e0,3.47908294142704211e0,-9.87532218224904890e-1,1.00413738335880409e0,6.60405625454343337e0,6.91392245921208026e0,7.94926624525515990e-13,4.78021952464602009e1,-8.04050159786129370e-11
188,1.67863095349919718e2,1.78189711274551740e2,8.42061786622986688e1,1.75163352367363889e0,3.40398051864116313e0,-9.87567416065344261e-1,1.00245173637537555e0,6.72162207641145493e0,8.89013325577979074e0,5.72996511349899151e-13,4.78108485749381202e1,-1.59303681357414462e-11
189,1.65274058782741008e2,1.74749727201375407e2,8.19840412834825401e1,1.68032881493195974e0,3.33342624966695489e0,-9.87609892711448834e-1,9.99678519412874000e-1,6.81157368661578388e0,1.08669307815750287e1,3.74235364919428548e-13,4.78215205856820802e1,-3.04538616546778940e-11
190,1.63716288929144838e2,1.72469698065053478e2,8.08089152259297521e1,1.63216201209481637e0,3.26951260932875210e0,-9.87659422291239486e-1,9.96031120723765762e-1,6.87114302616777106e0,1.28444276203901744e1,2.35034214313145640e-13,4.78341191998653912e1,-8.99689212019438855e-11
191,1.62722838124909771e2,1.70855183204200870e2,8.02276580806573918e1,1.59874880006045061e0,3.21197561276202892e0,-9.87715746527642935e-1,9.91638021029552896e-1,6.90485713544676916e0,1.48227264752064478e1,1.39256661757514166e-13,4.78485380746743658e1,-5.02495822729542851e-11
192,1.62817878829269432e2,1.71029026728724716e2,8.01901872507688438e1,1.61103292500277129e0,-3.19801878703777742e0,-9.87680339869275503e-1,9.89145228472918303e-1,8.87436632017217697e0,-1.48239819823937218e1,9.48408018786039975e-14,7.91099660882484272e1,-8.96136498340638354e-11
193,1.63771773906803503e2,1.72571540906245588e2,8.07010902906170173e1,1.65209389391955841e0,-3.24585117833765358e0,-9.87632355601601231e-1,9.93578083615247576e-1,8.83138244942160178e0,-1.28455384924188412e1,1.76619135983102638e-13,7.90864091365761226e1,-1.06439301816863008e-11
194,1.65180391312329135e2,1.74639512023714587e2,8.16977866479132331e1,1.70808584669406227e0,-3.29343931350581487e0,-9.87591411286473875e-1,9.97304047349520828e-1,8.76458353847974614e0,-1.08678877118533279e1,2.88755130917195402e-13,7.90658278633223546e1,-5.71844793739728630e-11
195,1.67292632878609396e2,1.77482240075184421e2,8.34266681659418339e1,1.78397428296889937e0,-3.33627027568958212e0,-9.87557724847366702e-1,1.00024019144141274e0,8.68101681329172514e0,-8.89092803162673917e0,4.44635647744995310e-13,7.90483952287511897e1,-2.07478478841949254e-12
196,1.70427888228311900e2,1.81400184085747782e2,8.62095439600027333e1,1.88346137069778163e0,-3.36462615047704228e0,-9.87531478581446409e-1,1.00229567638735939e0,8.60645745257304284e0,-6.91454812110100825e0,6.38294105070880136e-13,7.90342609670260430e1,-6.62510046822717413e-11
197,1.74743488998780151e2,1.86486554761931814e2,9.02214228574273562e1,2.00246495111332701e0,-3.36002077272184563e0,-9.87512816472505661e-1,1.00343242755558948e0,8.59707205435356592e0,-4.93862829315071306e0,8.46421890909887509e-13,7.90235486698244358e1,-1.46513912113732658e-11
198,1.79448795058792541e2,1.91810548897414748e2,9.47200849738194819e1,2.11648443584158219e0,-3.29618350323857712e0,-9.87501842024734344e-1,1.00381929868715170e0,8.71057231604960691e0,-2.96304209960321341e0,1.12524833201232966e-12,7.90163533172345751e1,-8.06892330729169771e-11
199,1.82030414398960772e2,1.94665340839707170e2,9.72640349954773313e1,2.17543343142519019e0,-3.16475548158336606e0,-9.87498616680304697e-1,1.00392202965069344e0,8.86907330450386944e0,-9.87658118016457642e-1,2.53543315357519783e-12,7.90127393428463733e1,-1.72519776242552325e-11
200,1.80390854574778160e2,1.92844624374810707e2,9.57787057152736310e1,2.14146609455620851e0,3.26400252042186034e0,-9.87503158867770181e-1,1.00411733967103034e0,8.87204807418184416e0,9.87658118016457642e-1,2.74174373525795656e-12,7.90127393025024531e1,-2.29221086556208320e-11
201,1.75995568960540879e2,1.87898803582049311e2,9.16570564662123957e1,2.03807785455176749e0,3.35363623747643391e0,-9.87515443710012542e-1,1.00421212345528565e0,8.76655863405864544e0,2.96304209960321385e0,1.07368367668891906e-12,7.90163531965245625e1,-9.00257646208046935e-11
202,1.71524073013527811e2,1.82692945643300874e2,8.74949472484834132e1,1.91779483325200650e0,3.37765539803098624e0,-9.87535403400782275e-1,1.00374093297214539e0,8.71059692132280894e0,4.93862829315071217e0,8.35493133011233624e-13,7.90235484698677197e1,-4.86011231259908527e-12
203,1.68114291008652913e2,1.78511996191812869e2,8.43990670672162082e1,1.81240531915686387e0,3.36016261741057320e0,-9.87562928238725268e-1,1.00243678945220216e0,8.72645856886268234e0,6.91454812110100736e0,6.29230174908901319e-13,7.90342606896276862e1,-3.84403620046214201e-11
204,1.65763647999170246e2,1.75427823012903474e2,8.23699424544722660e1,1.73018284970295788e0,3.32255756748490905e0,-9.87597868288183300e-1,1.00026080062822897e0,8.77579498095352228e0,8.89092803162674095e0,4.44805650645641037e-13,7.90483948763880306e1,-9.39479605222004466e-11
205,1.64180947472461611e2,1.73175766096665086e2,8.11277854618673331e1,1.66886773730588067e0,3.27710100490402656e0,-9.87640035617934786e-1,9.97268411201122640e-1,8.82756356770969752e0,1.08678877118533297e1,2.88460227926279345e-13,7.90658274390862488e1,-1.26902932606753893e-11
206,1.63106471561434148e2,1.71500059361754865e2,8.04226746305577507e1,1.62370216204892159e0,3.22982107035961530e0,-9.87689207053278118e-1,9.93530669677510136e-1,8.86705509113928336e0,1.28455384924188412e1,1.76039738342126384e-13,7.90864086441187339e1,-3.47171180692384951e-11
207,1.62362042852954346e2,1.70217780167588245e2,8.00830510295622702e1,1.59033482592730557e0,3.18341421778207101e0,-9.87745127364135556e-1,9.89110763218551847e-1,8.88966747769539012e0,1.48239819823937218e1,9.37583344295944698e-14,7.91099655317048445e1,-6.60804744256893173e-11
208,1.62352040049281868e2,1.70206834365762575e2,8.00399590752772667e1,1.59411252999891517e0,-3.16420197891053911e0,-9.87717340371458641e-1,9.85970198718028934e-1,1.08665529217485801e1,-1.48255307568123627e1,6.00977601017405050e-14,1.18201316088521224e2,-4.86295448354212567e-11
209,1.63012833799303166e2,1.71356895915016963e2,8.02822465686449078e1,1.63053009993758957e0,-3.20098353263819169e0,-9.87669788699711004e-1,9.90412449321328547e-1,1.08433200769565836e1,-1.28469086990264092e1,1.19546733623465684e-13,1.18166636464374591e2,-4.87858642372884788e-11
210,1.63900112889212693e2,1.72767387475476909e2,8.07935599436883649e1,1.67672079394994245e0,-3.23402191175670684e0,-9.87629216273476995e-1,9.94202672421502842e-1,1.08076267380248687e1,-1.08690679278066789e1,2.04367772704827644e-13,1.18136340842179479e2,-2.08473238672013395e-11
211,1.65071166124914100e2,1.74483537799304003e2,8.16339753255755483e1,1.73375706184073741e0,-3.25900415269728505e0,-9.87595837771406915e-1,9.97300092928804616e-1,1.07695167386560531e1,-8.89190817898080788e0,3.25224222552655817e-13,1.18110682429440033e2,-7.71507302488316782e-11
212,1.66541147528487585e2,1.76493250196293644e2,8.28256277480456617e1,1.80028808231052895e0,-3.26924240814075162e0,-9.87569832747281384e-1,9.99675607583874970e-1,1.07470139359871819e1,-6.91531966127064202e0,4.81892303838549196e-13,1.18089880383115442e2,-7.23190396456629969e-11
213,1.68189362075535257e2,1.78625838889915855e2,8.42614202163853037e1,1.86963272005419445e0,-3.25627405299160788e0,-9.87551342998831294e-1,1.00133463679134005e0,1.07605464584677222e1,-4.93918439646028062e0,6.64796776655984800e-13,1.18074115564163648e2,-9.16600129130529240e-12
214,1.69645807192378641e2,1.80438156256228865e2,8.55910801803175900e1,1.92733953893148491e0,-3.21399439748207660e0,-9.87540470447128449e-1,1.00234406916468677e0,1.08114776002576800e1,-2.96337778401055552e0,9.64317384624657770e-13,1.18063526944382701e2,-5.01785279993782751e-11
215,1.70349112188084121e2,1.81293011949249859e2,8.62703451420868817e1,1.95443177588322969e0,-3.14727573468975574e0,-9.87537275587831664e-1,1.00282126515471326e0,1.08604067158820072e1,-9.87770352026710485e-1,2.23730536592740836e-12,1.18058208791345749e2,-2.93454149868921377e-11
216,1.69950709840090269e2,1.80804174277439841e2,8.59503323910581258e1,1.93967185364663575e0,3.20686030751121232e0,-9.87541776560009410e-1,1.00285033190292405e0,1.08608493771913448e1,9.87770352026710485e-1,2.33919930951384525e-12,1.18058208731978468e2,-2.38458142121089622e-11
217,1.68666315237693880e2,1.79213506030882712e2,8.48256393836577587e1,1.88962887002943813e0,3.25879446785421045e0,-9.87553948860490083e-1,1.00240368598151219e0,1.08231770078934115e1,2.96337778401055552e0,9.37957827726321192e-13,1.18063526766787533e2,-8.59898818816873245e-11
218,1.67042818274096192e2,1.77138318258410493e2,8.34168002648110303e1,1.82245290403904892e0,3.28167264207826115e0,-9.87573725712524775e-1,1.00137663817651035e0,1.07927401298705306e1,4.93918439646028062e0,6.54333358329761694e-13,1.18074115269962249e2,-8.65867377797258087e-11
219,1.65512917320224943e2,1.75085605989929348e2,8.21399602119322623e1,1.75448928378175761e0,3.27890684898183737e0,-9.87600999077957842e-1,9.99678077775869922e-1,1.07912436047718376e1,6.91531966127064290e0,4.72503980386562716e-13,1.18089879974948843e2,-5.54791768081486225e-11
220,1.64256283149035482e2,1.73289274964520729e2,8.11696099218170417e1,1.69449707782931180e0,3.25868532629174990e0,-9.87635621283019849e-1,9.97271012272451185e-1,1.08117398839121250e1,8.89190817898080788e0,3.21472015674117984e-13,1.18110681910929870e2,-8.00497446107328869e-11
221,1.63288015061386574e2,1.71795999849501385e2,8.05218696227547781e1,1.64509982745135774e0,3.22833560250332852e0,-9.87677407210223568e-1,9.94161480478192194e-1,1.08389867497056596e1,1.08690679278066824e1,2.06810263359002988e-13,1.18136340217852123e2,-7.36832816983223893e-11
222,1.62560625663183771e2,1.70573572983780366e2,8.01521370005549869e1,1.60578738138532406e0,3.19287686810583216e0,-9.87726136993486992e-1,9.90376917599387063e-1,1.08611613609409652e1,1.28469086990264127e1,1.17385268172398582e-13,1.18166635739572072e2,-5.13011855218792334e-12
223,1.62016968420607355e2,1.69570529554338719e2,8.00060093500850655e1,1.57495386311617480e0,3.15534681489925850e0,-9.87781559141194365e-1,9.85952412270754808e-1,1.08718683809670384e1,1.48255307568123644e1,5.62744295606876221e-14,1.18201315269296728e2,-9.32516286411555484e-11
224,1.61950793822449924e2,1.69444436786094769e2,8.00000135650837905e1,1.57107592273007368e0,-3.13407541883851826e0,-9.87761304857341704e-1,9.82176669555699267e-1,1.28503626498857759e1,-1.48273596694637622e1,2.69645417105834895e-14,1.65131837392697861e2,-6.43751718598650768e-11
225,1.62406593931464670e2,1.70305724560543780e2,8.00557794711321975e1,1.60199364501378305e0,-3.16342617046648122e0,-9.87714263789944980e-1,9.86602626805539229e-1,1.28422662393753022e1,-1.28485265337097214e1,6.81156520077053074e-14,1.65084237123291956e2,-1.81898940354585648e-11
226,1.62972908607476285e2,1.71289442096989831e2,8.02701942055091706e1,1.63886349465857628e0,-3.18808828055615612e0,-9.87674130259282412e-1,9.90409047485205751e-1,1.28255645034282431e1,-1.08704612778054486e1,1.38833389229375825e-13,1.65042659617856259e2,-6.02540239924564958e-12
227,1.63652633915251158e2,1.72384360756471438e2,8.06495938071865055e1,1.68114812381579237e0,-3.20503235189318225e0,-9.87641115138759851e-1,9.93569174609704175e-1,1.28078396853379690e1,-8.89306521922843451e0,2.23897289597374538e-13,1.65007450114531451e2,-7.47775175113929436e-11
228,1.64416254227676575e2,1.73537695981257627e2,8.11699993707462681e1,1.72646697908882674e0,-3.21056477610594992e0,-9.87615394765758881e-1,9.96066168575362787e-1,1.27987958934575605e1,-6.91623037517751360e0,3.43836938088148969e-13,1.64978907346776936e2,-5.05906427861191332e-11
229,1.65176935366766969e2,1.74629140971331680e2,8.17522459510132649e1,1.76966852548842035e0,-3.20135380081425902e0,-9.87597108375570021e-1,9.97900229966040220e-1,1.28054617222221552e1,-4.93984077360050655e0,5.11173568751299712e-13,1.64957277793682948e2,-7.54170059735770337e-11
230,1.65782064320616286e2,1.75466065151884465e2,8.22519209463538203e1,1.80286311583408332e0,-3.17663167538820801e0,-9.87586356033909984e-1,9.99092561075271890e-1,1.28246148330820304e1,-2.96377398181449658e0,8.62640254367663672e-13,1.64942750815609969e2,-9.24558207771042362e-11
231,1.66058619458002397e2,1.75839779322085832e2,8.25010413641797697e1,1.81775868691290743e0,-3.14069850491759484e0,-9.87583197127351875e-1,9.99676926547361400e-1,1.28411217318304036e1,-9.87902815704894577e-1,1.95580205676615382e-12,1.64935454844307827e2,-1.24771304399473593e-11
232,1.65912705795066131e2,1.75639799543976324e2,8.24038508594880170e1,1.80999350650041313e0,3.18024949418130642e0,-9.87587649455924588e-1,9.99677263223541890e-1,1.28412274890081424e1,9.87902815704894355e-1,2.00352375748918954e-12,1.64935454762875850e2,-5.15143483426072635e-11
233,1.65397773829190442e2,1.74930177150050525e2,8.20051007355454971e1,1.78199330407190870e0,3.20956212748656000e0,-9.87599688954905242e-1,9.99089437344160558e-1,1.28278769753513497e1,2.96377398181449703e0,8.36603139195424284e-13,1.64942750572021168e2,-1.20081722343456931e-11
234,1.64673130061688397e2,1.73902343730105258e2,8.14530525177967348e1,1.74129502766028321e0,3.22426708670667184e0,-9.87619250054308173e-1,9.97886532561408579e-1,1.28157733658854855e1,4.93984077360050566e0,5.00993777713398813e-13,1.64957277390139154e2,-9.38769062486244366e-11
235,1.63903078904698646e2,1.72760144933852217e2,8.09033892422737324e1,1.69621352412895887e0,3.22365792353394731e0,-9.87646226665606419e-1,9.96040180250523877e-1,1.28149925133382130e1,6.91623037517751182e0,3.37428002206152655e-13,1.64978906786876166e2,-7.64686092225019820e-11
236,1.63194044831010956e2,1.71645043716492467e2,8.04580000100327482e1,1.65277876527045753e0,3.21044427817067612e0,-9.87680473766754163e-1,9.93536505685064020e-1,1.28248143464215332e1,8.89306521922843451e0,2.23264115528643003e-13,1.65007449403205527e2,-7.53885842641466297e-11
237,1.62590892663291356e2,1.70627429673425752e2,8.01603904692086644e1,1.61414099246335763e0,3.18830056260437367e0,-9.87721809539521156e-1,9.90379045544118708e-1,1.28382643893022159e1,1.08704612778054468e1,1.37154176904630276e-13,1.65042658761271724e2,-6.82263134876848198e-11
238,1.62099249944498467e2,1.69729140761276540e2,8.00164672842052482e1,1.58132587972032845e0,3.16048630956261212e0,-9.87770017998249150e-1,9.86584419104524879e-1,1.28478002217988063e1,1.28485265337097214e1,6.91495471993874844e-14,1.65084236128729231e2,-5.94013727095443755e-12
239,1.61706801607091336e2,1.68947016058194663e2,8.00147172617555640e1,1.55417899994284703e0,3.12942821683993966e0,-9.87824852037089918e-1,9.82177168674022938e-1,1.28480042621213695e1,1.48273596694637622e1,2.55420684602825077e-14,1.65131836268407056e2,-5.28928012499818578e-11
240,1.61616505086317460e2,1.68755407172782640e2,8.00710296058292386e1,1.54406756514578714e0,-3.10818035937653514e0,-9.87812006088408467e-1,9.77787206345215876e-1,1.48241443017631109e1,-1.48294535477171046e1,-2.28983498828938536e-15,2.19912189735910857e2,-9.75859393292921595e-11
241,1.61932657871393758e2,1.69408304111553377e2,8.00008600454148961e1,1.56967968606311326e0,-3.13284620491080057e0,-9.87765549282773825e-1,9.82176400037121589e-1,1.48273354634154337e1,-1.28503784719121175e1,3.64985819345520213e-14,2.19850082408013918e2,-7.17648163117701188e-11
242,1.62301735638571870e2,1.70113541166528478e2,8.00341695058713327e1,1.59870966559191752e0,-3.15303805106963919e0,-9.87725917887864902e-1,9.85966943032100751e-1,1.48224144428415734e1,-1.08720560367778525e1,8.44324610227431549e-14,2.19795841502457961e2,-4.51620962849119678e-11
243,1.62714337803659021e2,1.70849077063653255e2,8.01644523923694976e1,1.63014651061723193e0,-3.16686171746606870e0,-9.87693318455857838e-1,9.89136596006396807e-1,1.48145817623062808e1,-8.89438936183091400e0,1.54092016924067821e-13,2.19749914012240112e2,-8.25650658953236416e-11
244,1.63143664614958880e2,1.71570437384709862e2,8.03686606828574526e1,1.66183348520479424e0,-3.17244214650327505e0,-9.87667923672664316e-1,9.91670008176141704e-1,1.48093493860331105e1,-6.91727252227314704e0,2.59095696286681942e-13,2.19712686602673926e2,-5.17417220180504955e-11
245,1.63540401806400240e2,1.72206292816188011e2,8.06017151360877477e1,1.69028422809080614e0,-3.16861947260422783e0,-9.87649869865236396e-1,9.93560915513335474e-1,1.48100513666779374e1,-4.94059182702810418e0,4.02091120815795122e-13,2.19684478224871043e2,-9.21147602639393881e-11
246,1.63837136999983727e2,1.72665951011064323e2,8.07998963050413579e1,1.71109175937123870e0,-3.15592827571045964e0,-9.87639254993918470e-1,9.94812322589546549e-1,1.48154365306920326e1,-2.96422730669330470e0,8.36751891733489295e-13,2.19665533869410154e2,-4.15809608966810629e-11
247,1.63968740486675301e2,1.72865332738571652e2,8.08997360795416256e1,1.72019855081526885e0,-3.13731501829294812e0,-9.87636137187004604e-1,9.95432686889541007e-1,1.48203130965723808e1,-9.88054375607628543e-1,1.72407067463610508e-12,2.19656019675632791e2,-1.63851154866279103e-11
248,1.63902425619036876e2,1.72763167252692170e2,8.08669879928942379e1,1.71561051897226879e0,3.16543017443980190e0,-9.87640533860091874e-1,9.95428908187975803e-1,1.48203430999155454e1,9.88054375607628432e-1,1.74489491865797985e-12,2.19656019569466309e2,-1.33297817228594795e-11
249,1.63655742239817357e2,1.72382103555530392e2,8.07149126609334786e1,1.69839247753599576e0,3.18062022891911900e0,-9.87652421446249540e-1,9.94800980800064183e-1,1.48164300460027309e1,2.96422730669330470e0,8.11092295757709358e-13,2.19665533551842856e2,-1.82893700184649788e-11
250,1.63286333731055151e2,1.71796431208195344e2,8.04956791650901948e1,1.67210882180033837e0,3.18770904295287494e0,-9.87671735745170531e-1,9.93542820880947919e-1,1.48133656379547887e1,4.94059182702810329e0,3.97259048573461726e-13,2.19684477698742313e2,-4.64552840639953502e-11
251,1.62863156369642269e2,1.71097595945198208e2,8.02734121830891780e1,1.64119983517903201e0,3.18538933165724902e0,-9.87698372881228526e-1,9.91648099960104279e-1,1.48147382223574144e1,6.91727252227314615e0,2.52101291231543456e-13,2.19712685872635916e2,-5.52802248421357945e-11
252,1.62441998370600515e2,1.70363846523980470e2,8.01006575596913422e1,1.60950160318449731e0,3.17433864619983863e0,-9.87732190842586566e-1,9.89116040285721532e-1,1.48199799497873776e1,8.89438936183091400e0,1.55684493075014529e-13,2.19749913084670851e2,-4.84732254335540347e-11
253,1.62056570991268131e2,1.69647669738832803e2,8.00094403994768157e1,1.57958479390982420e0,3.15625503249506600e0,-9.87773011557056324e-1,9.85953956704241019e-1,1.48252061533289634e1,1.08720560367778525e1,8.38773495104305766e-14,2.19795840385335509e2,-4.66116034658625722e-11
254,1.61721384086104706e2,1.68977470038148596e2,8.00136324988391152e1,1.55279517622539731e0,3.13305140796976156e0,-9.87820623446059365e-1,9.82176845959285005e-1,1.48255412611423552e1,1.28503784719121192e1,3.22658566531686120e-14,2.19850081110757770e2,-6.81268375046784058e-11
255,1.61438573736712897e2,1.68364756695959045e2,8.01152506463351841e1,1.52959706745236179e0,3.10641929889985269e0,-9.87874784386373439e-1,9.77805710044934773e-1,1.48168514293880449e1,1.48294535477171063e1,-5.25274268525777188e-15,2.19912188269200612e2,-1.60866875376086682e-11
