ray_id,u_source,v_source,t_emit,u_hit,v_hit,t_hit,delta_t,status
0,-15.0,-15.0,0.0,-2.673978671151148,-2.1399446384963268,168.7554071727797,168.7554071727797,Detected
1,-13.0,-15.0,0.0,-0.6997337377135078,-0.08933220034847918,169.40830411150552,169.40830411150552,Detected
2,-11.0,-15.0,0.0,0.915671782200099,2.233730792168044,170.1135411665709,170.1135411665709,Detected
3,-9.0,-15.0,0.0,2.0219554851930464,4.754982311147524,170.84907706361665,170.84907706361665,Detected
4,-7.0,-15.0,0.0,2.468742642999203,7.306432395420138,171.57043738470503,171.57043738470503,Detected
5,-5.0,-15.0,0.0,2.1626721206589976,9.608028763925093,172.20629281619262,172.20629281619262,Detected
6,-3.0,-15.0,0.0,1.146928339169643,11.29870606930133,172.66595101108996,172.66595101108996,Detected
7,-1.0,-15.0,0.0,-0.34221291104015533,12.041686430958404,172.8653327386037,172.8653327386037,Detected
8,1.0,-15.0,0.0,-1.9073629536512018,11.669799339200328,172.76316725271008,172.76316725271008,Detected
9,3.0,-15.0,0.0,-3.123792190480255,10.27098918646929,172.38210355552616,172.38210355552616,Detected
10,5.0,-15.0,0.0,-3.691928754790486,8.141274090503671,171.79643120819992,171.79643120819992,Detected
11,7.0,-15.0,0.0,-3.5059761936880904,5.646862224917528,171.09759594514279,171.09759594514279,Detected
12,9.0,-15.0,0.0,-2.620616171378615,3.0995440508857293,170.36384652400966,170.36384652400966,Detected
13,11.0,-15.0,0.0,-1.1730743782320205,0.7031512841860846,169.64766973883502,169.64766973883502,Detected
14,13.0,-15.0,0.0,0.6833162663172274,-1.4402596593226566,168.97747003812447,168.97747003812447,Detected
15,15.0,-15.0,0.0,2.8150293560950277,-3.2997553145562843,168.3647566960392,168.3647566960392,Detected
16,-15.0,-13.0,0.0,-0.6013901080933425,0.022367678315577736,169.44443678609423,169.44443678609423,Detected
17,-13.0,-13.0,0.0,1.746958952167792,2.497120518233234,170.3057245605453,170.3057245605453,Detected
18,-11.0,-13.0,0.0,3.7223329108495484,5.459546696795461,171.28944209707714,171.28944209707714,Detected
19,-9.0,-13.0,0.0,5.081995352436634,8.881775630430411,172.3843607564698,172.3843607564698,Detected
20,-7.0,-13.0,0.0,5.526536109057388,12.584813972038045,173.5376959812615,173.5376959812615,Detected
21,-5.0,-13.0,0.0,4.786591404227513,16.151291261573615,174.62914097134262,174.62914097134262,Detected
22,-3.0,-13.0,0.0,2.8042694692520014,18.917069800823203,175.4660651518389,175.4660651518389,Detected
23,-1.0,-13.0,0.0,-0.07153191283928624,20.16817283684738,175.8397793221284,175.8397793221284,Detected
24,1.0,-13.0,0.0,-3.094088619357608,19.523346137918576,175.63979954393918,175.63979954393918,Detected
25,3.0,-13.0,0.0,-5.4459469807674425,17.190764612372096,174.93017715009708,174.93017715009708,Detected
26,5.0,-13.0,0.0,-6.629064892266066,13.820452199160268,173.90234373006132,173.90234373006132,Detected
27,7.0,-13.0,0.0,-6.579999691908422,10.120096933636106,172.76014493381936,172.76014493381936,Detected
28,9.0,-13.0,0.0,-5.516850350805865,6.5887566066536465,171.64504371646592,171.64504371646592,Detected
29,11.0,-13.0,0.0,-3.739352409674021,3.4734374603763185,170.62742967340554,170.62742967340554,Detected
30,13.0,-13.0,0.0,-1.5116723561183905,0.8425220583608883,169.7291407612703,169.7291407612703,Detected
31,15.0,-13.0,0.0,0.9732029432127247,-1.3295695175015385,168.94701605822647,168.94701605822647,Detected
32,-15.0,-11.0,0.0,1.8090542879187623,1.866058860486518,170.2068343657759,170.2068343657759,Detected
33,-13.0,-11.0,0.0,4.756864565066801,4.792710153266394,171.3568959150635,171.3568959150635,Detected
34,-11.0,-11.0,0.0,7.415469891456055,8.542020284850611,172.76738747551113,172.76738747551113,Detected
35,-9.0,-11.0,0.0,9.43632117448362,13.244330644932969,174.4835377992759,174.4835377992759,Detected
36,-7.0,-11.0,0.0,10.26781051584612,18.841391924482437,176.49325019632326,176.49325019632326,Detected
37,-5.0,-11.0,0.0,9.21494519405585,24.80726745307839,178.62583888996735,178.62583888996735,Detected
38,-3.0,-11.0,0.0,5.802281600510983,29.874448564145926,180.43815625623716,180.43815625623716,Detected
39,-1.0,-11.0,0.0,0.4546513826957847,32.29048324908335,181.2930119493079,181.2930119493079,Detected
40,1.0,-11.0,0.0,-5.228839142283103,30.990838586868446,180.8041742774661,180.8041742774661,Detected
41,3.0,-11.0,0.0,-9.419313417319717,26.589288433739632,179.21350603084775,179.21350603084775,Detected
42,5.0,-11.0,0.0,-11.280277831736434,20.771508768605276,177.13831825836832,177.13831825836832,Detected
43,7.0,-11.0,0.0,-11.054702624793112,15.003819579927598,175.08560598986847,175.08560598986847,Detected
44,9.0,-11.0,0.0,-9.410461163320784,10.015154262697843,173.28927496449208,173.28927496449208,Detected
45,11.0,-11.0,0.0,-6.956893347097158,5.977552892347439,171.79599984952924,171.79599984952924,Detected
46,13.0,-11.0,0.0,-4.10633777882954,2.804035521598891,170.57357298380273,170.57357298380273,Detected
47,15.0,-11.0,0.0,-1.100402295871144,0.3326269315336427,169.57052955427164,169.57052955427164,Detected
48,-15.0,-9.0,0.0,4.518887602396277,3.225709784855688,171.0290267286905,171.0290267286905,Detected
49,-13.0,-9.0,0.0,8.371034584021348,6.553577647180195,172.57154090632903,172.57154090632903,Detected
50,-11.0,-9.0,0.0,12.241967085845731,11.181048346374565,174.63951202371436,174.63951202371436,Detected
51,-9.0,-9.0,0.0,15.77398987896257,17.65032834701011,177.48224007521358,177.48224007521358,Detected
52,-7.0,-9.0,0.0,18.1445425836745,26.51767302763164,181.40018408576708,181.40018408576708,Detected
53,-5.0,-9.0,0.0,17.757561305684536,37.74746536847673,186.48655476196612,186.48655476196612,Detected
54,-3.0,-9.0,0.0,12.466737967318592,49.16032922529646,191.81054889738084,191.81054889738084,Detected
55,-1.0,-9.0,0.0,1.8533577037323712,55.29105926394248,194.66534083972843,194.66534083972843,Detected
56,1.0,-9.0,0.0,-9.841996591011794,51.73925511107804,192.84462437481656,192.84462437481656,Detected
57,3.0,-9.0,0.0,-17.222384130329104,41.28792118148215,187.89880358198104,187.89880358198104,Detected
58,5.0,-9.0,0.0,-19.24381240104354,29.754996950068353,182.69294564331565,182.69294564331565,Detected
59,7.0,-9.0,0.0,-17.76946835608214,20.193759108538753,178.51199619185508,178.51199619185508,Detected
60,9.0,-9.0,0.0,-14.637325553311781,13.073142403503343,175.42782301281332,175.42782301281332,Detected
61,11.0,-9.0,0.0,-10.907513095580898,7.943568506680381,173.17576609665667,173.17576609665667,Detected
62,13.0,-9.0,0.0,-7.076645010643588,4.2528441554021565,171.50005936172823,171.50005936172823,Detected
63,15.0,-9.0,0.0,-3.3476771069945213,1.564603069987111,170.21778016757722,170.21778016757722,Detected
64,-15.0,-7.0,0.0,7.394174160688198,3.910835272517704,171.8736750090195,171.8736750090195,Detected
65,-13.0,-7.0,0.0,12.501391099942595,7.43627410214083,173.92348050694798,173.92348050694798,Detected
66,-11.0,-7.0,0.0,18.361867515118103,12.827211497270426,176.98039516837534,176.98039516837534,Detected
67,-9.0,-7.0,0.0,25.103551356502635,21.51115767655893,181.93534563436026,181.93534563436026,Detected
68,-7.0,-7.0,0.0,32.58619810583987,36.34488762188872,190.81423289533336,190.81423289533336,Detected
69,-5.0,-7.0,0.0,39.44667216477167,63.07356300872075,208.36527280095274,208.36527280095274,Detected
70,-3.0,-7.0,0.0,38.969069164498286,109.45684634573298,242.26798145515983,242.26798145515983,Detected
72,1.0,-7.0,0.0,-26.020100872442434,121.3788387981994,248.77723808558378,248.77723808558378,Detected
73,3.0,-7.0,0.0,-37.539746235032865,72.78918472604498,213.48202721773023,213.48202721773023,Detected
74,5.0,-7.0,0.0,-34.53634644259817,42.360112679850864,193.9089914667669,193.9089914667669,Detected
75,7.0,-7.0,0.0,-28.07324998967848,25.1813840507932,183.8165057061189,183.8165057061189,Detected
76,9.0,-7.0,0.0,-21.486401599403795,15.144749130824843,178.18971127464704,178.18971127464704,Detected
77,11.0,-7.0,0.0,-15.537754046568647,8.961970907596736,174.74972720139957,174.74972720139957,Detected
78,13.0,-7.0,0.0,-10.289783457832714,4.955782723205504,172.4696980650251,172.4696980650251,Detected
79,15.0,-7.0,0.0,-5.6399528034958175,2.2422694449527594,170.85518320420815,170.85518320420815,Detected
80,-15.0,-5.0,0.0,10.16360273334825,3.7578545383807906,172.66879806925598,172.66879806925598,Detected
81,-13.0,-5.0,0.0,16.801847322804733,7.050463978812079,175.31074206738725,175.31074206738725,Detected
82,-11.0,-5.0,0.0,25.548582832043838,12.622806550196776,179.73881328750014,179.73881328750014,Detected
83,-9.0,-5.0,0.0,38.531046969333694,23.332049102192848,188.60534800783827,188.60534800783827,Detected
84,-7.0,-5.0,0.0,63.88106969623371,49.889060864488165,213.5986335057554,213.5986335057554,Detected
90,5.0,-5.0,0.0,-70.53172506180518,63.20962468042834,223.45709752467968,223.45709752467968,Detected
91,7.0,-5.0,0.0,-43.759282098134825,28.340435328467358,192.2006900371714,192.2006900371714,Detected
92,9.0,-5.0,0.0,-29.842710686002487,15.16076225638421,181.56651305453607,181.56651305453607,Detected
93,11.0,-5.0,0.0,-20.488879300506987,8.528370216342637,176.40719850485118,176.40719850485118,Detected
94,13.0,-5.0,0.0,-13.444333308281255,4.695653008697342,173.39951805691268,173.39951805691268,Detected
95,15.0,-5.0,0.0,-7.762710826765181,2.279860696206074,171.42982717453188,171.42982717453188,Detected
96,-15.0,-3.0,0.0,12.417358099844634,2.725541703956789,173.3066338875501,173.3066338875501,Detected
97,-13.0,-3.0,0.0,20.562742690573007,5.142255166578316,176.51781549380914,176.51781549380914,Detected
98,-11.0,-3.0,0.0,32.659513479428746,9.624773161369982,182.51265662854414,182.51265662854414,Detected
99,-9.0,-3.0,0.0,55.69162250124402,20.068072756783614,197.7019303542064,197.7019303542064,Detected
107,7.0,-3.0,0.0,-65.2828804537194,25.592432420075486,204.37634081885872,204.37634081885872,Detected
108,9.0,-3.0,0.0,-38.44432392078104,11.783582912033484,185.0898432551991,185.0898432551991,Detected
109,11.0,-3.0,0.0,-24.927683501384877,6.261692812084943,177.88427501135976,177.88427501135976,Detected
110,13.0,-3.0,0.0,-16.05473771235325,3.3913256145877297,174.15757426890008,174.15757426890008,Detected
111,15.0,-3.0,0.0,-9.43153292325119,1.6878447146313207,171.8732728086649,171.8732728086649,Detected
112,-15.0,-1.0,0.0,13.700236917051173,0.9978384386194146,173.66699353922962,173.66699353922962,Detected
113,-13.0,-1.0,0.0,22.818548138908454,1.8963498622591635,177.2418791154741,177.2418791154741,Detected
114,-11.0,-1.0,0.0,37.365819056078244,3.6600848585267207,184.3824829169809,184.3824829169809,Detected
115,-9.0,-1.0,0.0,70.29708764706125,8.398713534842909,205.9608211224985,205.9608211224985,Detected
123,7.0,-1.0,0.0,-84.94111445163597,11.166075866592754,216.08145666557309,216.08145666557309,Detected
124,9.0,-1.0,0.0,-44.32116217646964,4.540838243369041,187.53374298382843,187.53374298382843,Detected
125,11.0,-1.0,0.0,-27.638983013587527,2.320387614013386,178.7857558970143,178.7857558970143,Detected
126,13.0,-1.0,0.0,-17.557976542804518,1.2406228053763095,174.5906917925661,174.5906917925661,Detected
127,15.0,-1.0,0.0,-10.358840369844229,0.6218738507558647,172.1170348383291,172.1170348383291,Detected
128,-15.0,1.0,0.0,13.700236917069391,-0.9978384386208465,173.6669935392847,173.6669935392847,Detected
129,-13.0,1.0,0.0,22.818548138922054,-1.8963498622601873,177.24187911550692,177.24187911550692,Detected
130,-11.0,1.0,0.0,37.365819056068084,-3.660084858525751,184.38248291696064,184.38248291696064,Detected
131,-9.0,1.0,0.0,70.29708764703778,-8.398713534840114,205.96082112246492,205.96082112246492,Detected
139,7.0,1.0,0.0,-84.94111445160395,-11.166075866588296,216.0814566655307,216.0814566655307,Detected
140,9.0,1.0,0.0,-44.32116217644126,-4.540838243365606,187.5337429837772,187.5337429837772,Detected
141,11.0,1.0,0.0,-27.63898301361536,-2.3203876140156354,178.78575589707825,178.78575589707825,Detected
142,13.0,1.0,0.0,-17.55797654279535,-1.2406228053756574,174.59069179254084,174.59069179254084,Detected
143,15.0,1.0,0.0,-10.35884036982175,-0.6218738507545034,172.11703483825528,172.11703483825528,Detected
144,-15.0,3.0,0.0,12.417358099851795,-2.725541703958388,173.30663388757318,173.30663388757318,Detected
145,-13.0,3.0,0.0,20.562742690573142,-5.142255166578606,176.51781549380985,176.51781549380985,Detected
146,-11.0,3.0,0.0,32.65951347944706,-9.624773161375332,182.51265662858262,182.51265662858262,Detected
147,-9.0,3.0,0.0,55.69162250127484,-20.06807275679428,197.70193035425606,197.70193035425606,Detected
155,7.0,3.0,0.0,-65.28288045376398,-25.592432420093512,204.37634081892787,204.37634081892787,Detected
156,9.0,3.0,0.0,-38.4443239207575,-11.783582912026036,185.08984325515252,185.08984325515252,Detected
157,11.0,3.0,0.0,-24.927683501374208,-6.261692812082098,177.88427501133276,177.88427501133276,Detected
158,13.0,3.0,0.0,-16.054737712376582,-3.3913256145928012,174.1575742689683,174.1575742689683,Detected
159,15.0,3.0,0.0,-9.431532923243402,-1.6878447146298794,171.8732728086372,171.8732728086372,Detected
160,-15.0,5.0,0.0,10.163602733370759,-3.7578545383882007,172.66879806932894,172.66879806932894,Detected
161,-13.0,5.0,0.0,16.801847322802693,-7.050463978811484,175.31074206738276,175.31074206738276,Detected
162,-11.0,5.0,0.0,25.54858283206105,-12.622806550205034,179.73881328754155,179.73881328754155,Detected
163,-9.0,5.0,0.0,38.53104696935427,-23.332049102204973,188.60534800787997,188.60534800787997,Detected
164,-7.0,5.0,0.0,63.88106969626922,-49.88906086451499,213.5986335058142,213.5986335058142,Detected
170,5.0,5.0,0.0,-70.5317250617687,-63.20962468039575,223.457097524617,223.457097524617,Detected
171,7.0,5.0,0.0,-43.75928209815856,-28.340435328483156,192.20069003721852,192.20069003721852,Detected
172,9.0,5.0,0.0,-29.84271068596795,-15.160762256366299,181.5665130544556,181.5665130544556,Detected
173,11.0,5.0,0.0,-20.488879300489415,-8.528370216335128,176.40719850480386,176.40719850480386,Detected
174,13.0,5.0,0.0,-13.444333308290476,-4.695653008700649,173.39951805694156,173.39951805694156,Detected
175,15.0,5.0,0.0,-7.762710826757187,-2.279860696203552,171.42982717450366,171.42982717450366,Detected
176,-15.0,7.0,0.0,7.394174160674591,-3.910835272510909,171.87367500896826,171.87367500896826,Detected
177,-13.0,7.0,0.0,12.501391099967696,-7.436274102155177,173.92348050703146,173.92348050703146,Detected
178,-11.0,7.0,0.0,18.36186751512518,-12.827211497274831,176.98039516839478,176.98039516839478,Detected
179,-9.0,7.0,0.0,25.103551356515464,-21.51115767656964,181.93534563439434,181.93534563439434,Detected
180,-7.0,7.0,0.0,32.58619810583819,-36.34488762188711,190.81423289532927,190.81423289532927,Detected
181,-5.0,7.0,0.0,39.44667216477033,-63.073563008717926,208.36527280094853,208.36527280094853,Detected
182,-3.0,7.0,0.0,38.969069164507715,-109.4568463457558,242.26798145518956,242.26798145518956,Detected
184,1.0,7.0,0.0,-26.020100872459935,-121.37883879821784,248.7772380856097,248.7772380856097,Detected
185,3.0,7.0,0.0,-37.539746235023365,-72.78918472602544,213.4820272177011,213.4820272177011,Detected
186,5.0,7.0,0.0,-34.536346442603104,-42.36011267985642,193.9089914667784,193.9089914667784,Detected
187,7.0,7.0,0.0,-28.073249989691323,-25.18138405080464,183.81650570615187,183.81650570615187,Detected
188,9.0,7.0,0.0,-21.486401599370907,-15.144749130800825,178.18971127455174,178.18971127455174,Detected
189,11.0,7.0,0.0,-15.53775404656114,-8.961970907592441,174.7497272013754,174.7497272013754,Detected
190,13.0,7.0,0.0,-10.289783457840644,-4.95578272320962,172.46969806505348,172.46969806505348,Detected
191,15.0,7.0,0.0,-5.639952803494018,-2.2422694449520764,170.85518320420087,170.85518320420087,Detected
192,-15.0,9.0,0.0,4.518887602404798,-3.225709784860621,171.02902672872472,171.02902672872472,Detected
193,-13.0,9.0,0.0,8.371034583999874,-6.553577647164786,172.5715409062456,172.5715409062456,Detected
194,-11.0,9.0,0.0,12.241967085845923,-11.181048346374782,174.6395120237146,174.6395120237146,Detected
195,-9.0,9.0,0.0,15.773989878954232,-17.650328347001302,177.48224007518442,177.48224007518442,Detected
196,-7.0,9.0,0.0,18.144542583669608,-26.517673027623978,181.40018408574778,181.40018408574778,Detected
197,-5.0,9.0,0.0,17.75756130567611,-37.74746536845932,186.4865547619318,186.4865547619318,Detected
198,-3.0,9.0,0.0,12.466737967323798,-49.16032922531614,191.81054889741475,191.81054889741475,Detected
199,-1.0,9.0,0.0,1.8533577037338165,-55.29105926392816,194.66534083970717,194.66534083970717,Detected
200,1.0,9.0,0.0,-9.841996591015304,-51.73925511107281,192.8446243748107,192.8446243748107,Detected
201,3.0,9.0,0.0,-17.2223841303437,-41.28792118151743,187.8988035820493,187.8988035820493,Detected
202,5.0,9.0,0.0,-19.24381240103911,-29.75499695006191,182.69294564330087,182.69294564330087,Detected
203,7.0,9.0,0.0,-17.769468356070334,-20.193759108524567,178.51199619181287,178.51199619181287,Detected
204,9.0,9.0,0.0,-14.6373255533367,-13.073142403526457,175.42782301290347,175.42782301290347,Detected
205,11.0,9.0,0.0,-10.907513095583267,-7.943568506681906,173.1757660966651,173.1757660966651,Detected
206,13.0,9.0,0.0,-7.076645010650083,-4.25284415540633,171.50005936175486,171.50005936175486,Detected
207,15.0,9.0,0.0,-3.3476771069969433,-1.564603069988744,170.21778016758824,170.21778016758824,Detected
208,-15.0,11.0,0.0,1.8090542879161002,-1.8660588604845822,170.20683436576257,170.20683436576257,Detected
209,-13.0,11.0,0.0,4.75686456505683,-4.792710153257356,171.35689591501696,171.35689591501696,Detected
210,-11.0,11.0,0.0,7.415469891448937,-8.542020284842682,172.7673874754769,172.7673874754769,Detected
211,-9.0,11.0,0.0,9.43632117448987,-13.244330644940899,174.483537799304,174.483537799304,Detected
212,-7.0,11.0,0.0,10.267810515840326,-18.841391924472465,176.49325019629364,176.49325019629364,Detected
213,-5.0,11.0,0.0,9.21494519404747,-24.80726745305737,178.62583888991585,178.62583888991585,Detected
214,-3.0,11.0,0.0,5.8022816005100015,-29.874448564142277,180.43815625622887,180.43815625622887,Detected
215,-1.0,11.0,0.0,0.45465138269519717,-32.29048324905498,181.29301194924986,181.29301194924986,Detected
216,1.0,11.0,0.0,-5.228839142282488,-30.99083858685663,180.80417427743984,180.80417427743984,Detected
217,3.0,11.0,0.0,-9.419313417324496,-26.58928843375438,179.2135060308827,179.2135060308827,Detected
218,5.0,11.0,0.0,-11.280277831744673,-20.771508768620812,177.1383182584105,177.1383182584105,Detected
219,7.0,11.0,0.0,-11.054702624805909,-15.003819579945823,175.08560598992935,175.08560598992935,Detected
220,9.0,11.0,0.0,-9.41046116332722,-10.015154262704835,173.28927496452073,173.28927496452073,Detected
221,11.0,11.0,0.0,-6.956893347091374,-5.977552892341876,171.79599984950138,171.79599984950138,Detected
222,13.0,11.0,0.0,-4.106337778824756,-2.80403552159527,170.57357298378037,170.57357298378037,Detected
223,15.0,11.0,0.0,-1.1004022958849113,-0.33262693154281425,169.57052955433872,169.57052955433872,Detected
224,-15.0,13.0,0.0,-0.6013901080932743,-0.02236767831547923,169.44443678609477,169.44443678609477,Detected
225,-13.0,13.0,0.0,1.746958952167337,-2.497120518233005,170.30572456054378,170.30572456054378,Detected
226,-11.0,13.0,0.0,3.7223329108340955,-5.4595466967763,171.28944209698983,171.28944209698983,Detected
227,-9.0,13.0,0.0,5.081995352436931,-8.881775630430703,172.38436075647144,172.38436075647144,Detected
228,-7.0,13.0,0.0,5.526536109056559,-12.584813972036685,173.53769598125763,173.53769598125763,Detected
229,-5.0,13.0,0.0,4.786591404226702,-16.151291261569824,174.62914097133168,174.62914097133168,Detected
230,-3.0,13.0,0.0,2.804269469254594,-18.917069800840316,175.46606515188446,175.46606515188446,Detected
231,-1.0,13.0,0.0,-0.07153191283918325,-20.16817283683079,175.83977932208583,175.83977932208583,Detected
232,1.0,13.0,0.0,-3.094088619361865,-19.523346137932492,175.63979954397632,175.63979954397632,Detected
233,3.0,13.0,0.0,-5.445946980763096,-17.190764612355814,174.93017715005053,174.93017715005053,Detected
234,5.0,13.0,0.0,-6.629064892272586,-13.820452199174214,173.90234373010526,173.90234373010526,Detected
235,7.0,13.0,0.0,-6.57999969191354,-10.120096933645373,172.76014493385222,172.76014493385222,Detected
236,9.0,13.0,0.0,-5.516850350810664,-6.58875660665996,171.64504371649247,171.64504371649247,Detected
237,11.0,13.0,0.0,-3.7393524096768602,-3.473437460380516,170.62742967342575,170.62742967342575,Detected
238,13.0,13.0,0.0,-1.5116723561189949,-0.842522058361809,169.72914076127654,169.72914076127654,Detected
239,15.0,13.0,0.0,0.9732029432180073,1.3295695175062008,168.94701605819466,168.94701605819466,Detected
240,-15.0,15.0,0.0,-2.673978671151134,2.1399446384959484,168.75540717278264,168.75540717278264,Detected
241,-13.0,15.0,0.0,-0.6997337377063708,0.08933220033988841,169.40830411155338,169.40830411155338,Detected
242,-11.0,15.0,0.0,0.9156717821938826,-2.233730792158963,170.11354116652848,170.11354116652848,Detected
243,-9.0,15.0,0.0,2.0219554851973207,-4.754982311155964,170.84907706365325,170.84907706365325,Detected
244,-7.0,15.0,0.0,2.468742642999942,-7.306432395421081,171.57043738470986,171.57043738470986,Detected
245,-5.0,15.0,0.0,2.162672120658449,-9.608028763923677,172.206292816188,172.206292816188,Detected
246,-3.0,15.0,0.0,1.146928339168242,-11.298706069293528,172.66595101106432,172.66595101106432,Detected
247,-1.0,15.0,0.0,-0.3422129110395183,-12.041686430947845,172.86533273857165,172.86533273857165,Detected
248,1.0,15.0,0.0,-1.907362953651571,-11.669799339194565,172.76316725269217,172.76316725269217,Detected
249,3.0,15.0,0.0,-3.1237921904802586,-10.270989186470825,172.3821035555304,172.3821035555304,Detected
250,5.0,15.0,0.0,-3.6919287547896125,-8.14127409050252,171.79643120819534,171.79643120819534,Detected
251,7.0,15.0,0.0,-3.5059761936953655,-5.646862224930869,171.0975959451982,171.0975959451982,Detected
252,9.0,15.0,0.0,-2.6206161713747957,-3.0995440508793624,170.36384652398047,170.36384652398047,Detected
253,11.0,15.0,0.0,-1.1730743782313184,-0.7031512841856322,169.6476697388328,169.6476697388328,Detected
254,13.0,15.0,0.0,0.6833162663130495,1.440259659318842,168.9774700381486,168.9774700381486,Detected
255,15.0,15.0,0.0,2.8150293561061654,3.2997553145678205,168.36475669595904,168.36475669595904,Detected
